,0
 Sovereign Modern Thai Cuisine,December 2022
 Alys Taos Eats,December 2022
 ACEQ Restaurant,December 2022
 Big Island Kine,December 2022
 Shawarma Guys,December 2022
 Tuetano Taqueria,December 2022
 Donabe Asian Kitchen,December 2022
 Gutiz,November 2022
 KINDRED,November 2022
 Ranchos Plaza Grill,November 2022
 Barley and Salt Tap House and Kitchen,November 2022
 Shepard Barbecue,November 2022
 Floyds 1921 Restaurant,October 2022
 Third Wave Cafe and Wine Bar,October 2022
 Big Daves Bagels and Deli,October 2022
 Moat Mountain Smokehouse and Brewing Co,October 2022
 Amos Mosquitos Restaurant,October 2022
 Rose Villa Restaurant,October 2022
 Arepita Beach,October 2022
 Redheaded Stranger,October 2022
 Millie's Restaurant,October 2022
 Antonio's The Taste of Mexico,October 2022
 The Garlic,September 2022
 Bottle Cap,September 2022
 Panheads Pizzeria,September 2022
 King Tut's Food Truck,September 2022
 El Mirasol Cocina Mexicana,September 2022
 Gabino's Creperie,September 2022
 Pie Town Tacos,August 2022
 Homegrown Taproom and Kitchen,August 2022
 Joe's Meat Market,August 2022
 The Real Italian Deli,August 2022
 Gastro Grind Burgers,August 2022
 East Side Banh Mi,August 2022
 Moo Yai Thai Restaurant,July 2022
 Big Pinks BBQ Food Truck,July 2022
 Pablo’s Tacos & Beer,July 2022
 The Chubby Pickle,July 2022
 Good Company,July 2022
 Chula Artisan Eatery,July 2022
 Astoria Cafe & Market,July 2022
 Orozco's Restaurant,July 2022
 Turf Surf and Earth,June 2022
 Firehole Bar-B-Que Co.,June 2022
 Haldi Chowk,June 2022
 Salao Tapas and Bar,June 2022
 Budare,May 2022
 Masons Creamery,May 2022
 Kesté Pizza and Vino,May 2022
 Fat Cats,May 2022
 Double Dubs Food Truck,May 2022
 El Fogon De La 31,May 2022
 El Grifo,May 2022
 Mercado La Carreta,May 2022
 Chaatable,May 2022
 Mabels BBQ,May 2022
 Ray's Place,April 2022
 Alibi Wood Fire Pizzaria and Bakery,April 2022
 Rowley Inn,April 2022
 Crowbar & Grill,April 2022
 Coda Bakery,April 2022
 Originale Cafe & Deli,April 2022
 Tequila 61,April 2022
 Sweet Melissa,April 2022
 Born In A Barn,April 2022
 Taco Party,April 2022
 Novelli's Crab and Seafood,April 2022
 Haute Quarter Grill,March 2022
 Js Prairie Rose Cafe,March 2022
 The Acre Restaurant,March 2022
 Guava Tree Cafe,March 2022
 Highlands Alehouse,March 2022
 Waffles and Whatnot,March 2022
 Seoul Casa,March 2022
 Hickory House Ribs,March 2022
 Kitsune,March 2022
 Frank's Famous Chicken and Waffles,March 2022
 Curry Fried Chicken,March 2022
 Red Rock Deli,March 2022
 il Bistro Italiano,March 2022
 Kobe Japanese Restaurant,March 2022
 Sauce Boss Southern Kitchen,December 2021
 Graze,December 2021
 59er Diner and Cabins,December 2021
 Santo Taco,December 2021
 The Feisty Pint,December 2021
 Fattoush Cafe,December 2021
 Papito Moes,December 2021
 Dump City Dumplings,December 2021
 Nicky's Coal Fired,December 2021
 Rockin Dave's Bistro and Backstage Lounge,October 2021
 Riddim n Spice,October 2021
 Arempas,October 2021
 The Pit Room,October 2021
 Soy Bistro,October 2021
 Once Upon A Thyme,October 2021
 The Toasted Coconut,October 2021
 Mackinaw's Restaurant,October 2021
 Zydeco Kitchen and Cocktails,October 2021
 Matteo's Osteria,September 2021
 Northwest Sausage and Deli,September 2021
 Be More Pacific,September 2021
 Hilo Bay Cafe,September 2021
 Weights and Measures,August 2021
 Fresco Cafe Italiano,August 2021
 South Maui Fish Company,July 2021
 Castaway Waterfront Restaurant and Sushi Bar,July 2021
 Le Yellow Sub,July 2021
 Travelers Table,July 2021
 The Butcher Shop Beer Garden and Grill,July 2021
 Cafe Pesto,July 2021
 Coolinary Cafe,July 2021
 Joey's Kitchen,July 2021
 Irie Island Eats,July 2021
 Herbies Bar and Chowder House,May 2021
 Cholo Soy Cocina,May 2021
 Rustica Eatery and Tavern,May 2021
 Mein Diner Food Truck,February 2021
 Salty's on 2nd,February 2021
 Jazz Bistro on 4th,February 2021
 Lavelle's Bistro,February 2021
 Daily Clean Food and Drink,February 2021
 Sol Ave. Kitchen,February 2021
 Hari Om Cuisine Of India,February 2021
 Look's Marketplace,February 2021
 Nichole's Fine Pastry and Cafe,February 2021
 Passage To India Restaurant,January 2021
 The Hungry Robot,January 2021
 Bread & Circus Sandwich Kitchen,January 2021
 O So Good Restaurant,December 2020
 Lalibela Restaurant,December 2020
 Urban Chislic,December 2020
 J28 Sandwich Bar,November 2020
 Mom-Moms Kitchen,November 2020
 Blackbird Wood Fire Pizza,November 2020
 Los Bocados,November 2020
 Farmer's Keep,November 2020
 Pounds,November 2020
 Woodrow's Sandwich Shop,November 2020
 Guyutes,November 2020
 Chin's Kitchen,November 2020
 Kababi Cafe,October 2020
 Viking Soul Food,October 2020
 Chick N Beer,October 2020
 3 Sons Brewing Co,September 2020
 Yonder,September 2020
 Stone Sisters Pizza Bar,September 2020
 Gaul & Co. Malt House,August 2020
 Hardena,August 2020
 Stogie Joe's Tavern,August 2020
 Travel By Taste Deli and Market,July 2020
 Güero Tortas,July 2020
 Krakatoa Indonesian Cuisine,July 2020
 Tumerico,May 2020
 Mr and Mrs Buns,May 2020
 Ceviche's,May 2020
 Fat Sully's Pizza,May 2020
 The Saucee Sicilian,April 2020
 Seasons & Regions Seafood Grill,April 2020
 Pirate Republic Seafood Restaurant,April 2020
 MayMoes Cajun Grill,April 2020
 Kaedama,April 2020
 AVIV,April 2020
 Blue Pan Pizza,April 2020
 Hop and Grind,April 2020
 Sabores,April 2020
 il porcellino salumi,April 2020
 Just BE Kitchen,April 2020
 The Pie Dump,April 2020
 Florence's Restaurant,April 2020
 Herm's Inn,March 2020
 Pingala Cafe and Eatery,March 2020
 Grammy's Goodies,March 2020
 El Salvador Los Primos,March 2020
 Areyto Food Truck,March 2020
 Taco Gordo,March 2020
 Welton Street Cafe,March 2020
 Tandoori Oven,March 2020
 Hong's Chinese Dumplings,March 2020
 ZZQ Texas Craft Barbeque,January 2020
 Soul Taco,January 2020
 Bluebird Barbecue,January 2020
 Citizen Cider,January 2020
 Meat Press,January 2020
 Full Belly Deli,January 2020
 OCCO Kitchen and Bar,January 2020
 Carenas Jamaican Grille,January 2020
 Art-Is-In Bakery,January 2020
 The Fancy Biscuit,January 2020
 Butch and Babes,January 2020
 Pelican Seafood Market and Grill,December 2019
 Pop's Market on Grace,December 2019
 Butchers Kitchen Char-B-Que,December 2019
 Pauli's on the North End,December 2019
 Pigwich,December 2019
 In A Pickle Restaurant,December 2019
 Perly's,November 2019
 Jax,November 2019
 In Bocca al Lupo,November 2019
 Carolina Kitchen and BBQ Co,November 2019
 Zerelda's Bistro,November 2019
 Highland Fried,November 2019
 V's Cellar Door,November 2019
 Forno Rosso Pizzeria,October 2019
 Bun Daddy,October 2019
 Pucker Wilson's,October 2019
 Yosh's Unique Deli,October 2019
 Veggie Galaxy,October 2019
 Paper Dosa,October 2019
 Washoe Public House,October 2019
 Bagelsaurus,October 2019
 Rowley Farmhouse Ales,October 2019
 Dirty Water Dough Company,October 2019
 Dr. Field Goods Kitchen,October 2019
 Noble Pie Parlor,October 2019
 La Colonial Tortilla Factory,September 2019
 The Beestro,September 2019
 Krokstrom Scandinavian Comfort Food,September 2019
 Josephs Culinary Pub Santa Fe,September 2019
 Delight El Paso,September 2019
 Extra Virgin Kansas City,September 2019
 Desert Oak Barbecue,August 2019
 Arable,August 2019
 Jarocho Authentic Mexican Seafood,August 2019
 Rulis International Kitchen,August 2019
 Kenji Burger,August 2019
 Banksia Bake House,August 2019
 Saimin Dojo,August 2019
 Lick It Up Food Truck,August 2019
 Kansas City Taco Company,August 2019
 Tasty Kabob,July 2019
 Jo's Diner,July 2019
 Mrs. Robinos Restaurant,July 2019
 Alforon Mediterranean,July 2019
 Maiale Deli and Salumeria,July 2019
 Tiki Iniki,July 2019
 Tiger Tiger Tavern,July 2019
 Jackalopes Neighbourhood Dive Bar,July 2019
 Farmer and The Cow,July 2019
 The Fish Counter,June 2019
 The Rawbar,June 2019
 Hanalei Poke Food Truck,June 2019
 Stoney's British Pub,June 2019
 Chuy's Taco Shop,June 2019
 The Dolphin Restaurant Hanalei Hawaii,June 2019
 Luigi Vitrone's Pastabilities,June 2019
 Corduroy Pie Company,June 2019
 Tahini,June 2019
 Locale BBQ Post,June 2019
 Grand Ole BBQ Y Asado San Diego,June 2019
 Tahiti Nui,June 2019
 Tuc Craft Kitchen,May 2019
 Frost Me Sweet Bistro and Bakery,May 2019
 Momona Noodle Bao,May 2019
 The Pie Hole,May 2019
 Ethos Bakery & Cafe,May 2019
 Sin of Cortez,April 2019
 Grana Wood Fired Foods,April 2019
 Upper Crust Bakery and Eatery,April 2019
 The Banshee,April 2019
 The Folded Pizza Pie,April 2019
 Pieous,April 2019
 Hankook Taqueria,April 2019
 Porter's Real Barbecue,March 2019
 Boteco Food Truck,March 2019
 Greens And Gravy Restaurant,March 2019
 Avery's On Tulane,March 2019
 Seithers Seafood,March 2019
 Piece of Meat Butcher Shop and Restaurant,March 2019
 Vinny's Bakery,March 2019
 SLAB BBQ & Beer,March 2019
 Holy Roller,March 2019
 Twisted Soul Cookhouse and Pours,February 2019
 Valentina's Tex Mex BBQ,February 2019
 Purgatory Bar,February 2019
 Laziz Kitchen,February 2019
 OneTaco,February 2019
 Yakitori Jinbei,February 2019
 Proper Burger Company,February 2019
 Hruska's Kolaches,February 2019
 Rreal Tacos,February 2019
 Curry Pizza,January 2019
 Finn's Cafe,January 2019
 Red's Chinese,January 2019
 Luna Rosa Puerto Rican Grill y Tapas,January 2019
 Turkey and the Wolf,January 2019
 Marjie's Grill,January 2019
 Dignowity Meats,January 2019
 Ma Harper's Creole Kitchen,January 2019
 Taqueria Molcajetes,January 2019
 Zazu Kitchen and Farm,November 2018
 The Root Cafe,November 2018
 Eight Noodle Shop,November 2018
 Smoke Shack BBQ,November 2018
 Wrigleyville Grill,November 2018
 Fat Tummy Empanadas,November 2018
 Cochon Volant BBQ Smokehouse,November 2018
 Simply Vietnam Express,November 2018
 The Fold Botanas and Bar,November 2018
 North Bar,October 2018
 Bruno's Little Italy,October 2018
 Zoftig Eatery,October 2018
 Flyway Brewing,October 2018
 La Terraza Rum and Lounge,October 2018
 Storm Castle Cafe and Catering,October 2018
 Bella Luna Bar and Pizza Cafe,September 2018
 Blue Toba,September 2018
 Broke Da Mouth Grindz,September 2018
 mfk restaurant,September 2018
 La Scarola,September 2018
 Ruins,September 2018
 Sun Wah BBQ,September 2018
 Nordic Smoke BBQ Food Truck,September 2018
 Agave,September 2018
 Roost Fried Chicken,September 2018
 Bok a Bok,September 2018
 Original Thai Cuisine LLC,September 2018
 Del Seoul,September 2018
 Piroshki on 3rd,August 2018
 Kanaka Kava,August 2018
 Manny's Coffee Shop & Deli,August 2018
 Island Lava Java,August 2018
 Saucy Porka,August 2018
 Sisters and Brothers,August 2018
 Red Door,August 2018
 Grand Harbor,August 2018
 Rebel Kitchen,August 2018
 Street Food 360,July 2018
 Ivan's Cookhouse,July 2018
 Red Wagon Pizza Company,July 2018
 Pizzeria Credo,July 2018
 Scolari's Good Eats,July 2018
 Foster's Kitchen,July 2018
 LOBA Restaurant,July 2018
 Pazzo,July 2018
 Umeke's Poke Bowls,July 2018
 Calafia Cafe,June 2018
 W.E.P.A at Brix 581,June 2018
 Sweet n Savory Cafe,June 2018
 Southern Cafe,June 2018
 Cast Iron Kitchen,June 2018
 WOOD SHOP BBQ,June 2018
 Something Fishy Seafood,April 2018
 Chef Alisah's Restaurant,April 2018
 The Purple Carrot,April 2018
 Inca's Peruvian Cuisine,April 2018
 The Cosmos,April 2018
 The Copper Penny,April 2018
 Mojo Donuts & Fried Chicken,March 2018
 Renee's Organic Oven,March 2018
 Aloha Kitchen,March 2018
 The Post Brewing Company,March 2018
 One90 Smoked Meats,March 2018
 Tacos Chiwas,March 2018
 GRUBSTAK,February 2018
 Whistle Britches,February 2018
 Audrey Jane's Pizza Garage,February 2018
 Tacos Mariachi,January 2018
 Nora Restaurant and Bar,January 2018
 Momo Ghar Ohio,January 2018
 Ray Ray's Hog Pit Food Truck,January 2018
 Pierogi Mountain,January 2018
 Bootleggers Modern American Smokehouse,December 2017
 Nighthawk Breakfast Bar,December 2017
 Sweet Carrot,December 2017
 Ena's Caribbean Kitchen,December 2017
 Zoe Ma Ma,December 2017
 República Empanada Restaurant,December 2017
 Aloy Thai Cuisine,November 2017
 Ray Ray's Hog Pit,November 2017
 Cafe Bourbon Street,November 2017
 The Roost,November 2017
 Jitlada Restaurant,November 2017
 Loops,November 2017
 Eastside Fish Fry & Grill,October 2017
 Buya Ramen,July 2017
 Bourrée at Boucherie,October 2017
 Sunset Pointe at Fly Creek Marina,October 2017
 Blackbrick Chinese and Dim Sum,October 2017
 Capital City BBQ,September 2017
 La Panadería,September 2017
 Zaytoon Mediterranean,September 2017
 The Grilled Cheese Bistro,September 2017
 La Tostaderia,September 2017
 Meat BBQ,September 2017
 Fat Olives,August 2017
 Horse Thief BBQ,August 2017
 BatterFish food truck,August 2017
 Three's Bar and Grill,August 2017
 ediBOL,July 2017
 Jessys Tienda y Taqueria,July 2017
 Maui Fresh Streatery Food Truck,July 2017
 Brigit and Bernards Garden Cafe,July 2017
 Alkaline Ramen,July 2017
 Pendulum Fine Meats,July 2017
 Carib Shack,July 2017
 Maui Brick Oven,July 2017
 Wilma and Frieda Cafe,July 2017
 Zobo and Meesters,June 2017
 Down the Hatch,June 2017
 The Dirty Buffalo,June 2017
 Frankinbun,June 2017
 Thai Mee Up Food Truck,June 2017
 Fleetwoods on Front Street,June 2017
 Saigon Noodle and Grill,June 2017
 Grill a Burger,June 2017
 Hobo's BBQ Temecula,June 2017
 Vincentown Diner,May 2017
 Rocky Hill Inn Eatery and Tavern,May 2017
 Bagel Street Grill,May 2017
 Fat Ones Food Truck,May 2017
 Mrs Potato Restaurant,May 2017
 Shermans Deli and Bakery,May 2017
 Willie’s Pinchos Food Truck,April 2017
 The Pastrami Project,April 2017
 Cuchara Restaurant,April 2017
 The Meatball Stoppe,April 2017
 Se7en Bites,April 2017
 Irma Southwest Grill,April 2017
 Mora Mora,April 2017
 El Rincón de los Antojos,April 2017
 The Surfin Burrito,April 2017
 Cool Runnings Jamaican Grill,April 2017
 Cafe Lili Lebanese Grill,April 2017
 Marini's Empanada House,April 2017
 Heist Brewery,April 2017
 Pinchez Tacos Food Truck,April 2017
 El Fish Fritanga,April 2017
 Q-Shi BBQ and Sushi,April 2017
 FūD at Salud,April 2017
 The Improper Pig,April 2017
 Bang Bang Burger,April 2017
 The Irish Rover,April 2017
 Papi Queso Food Truck,February 2017
 Swiss Hibiscus,February 2017
 JJs Red Hots,February 2017
 Matt's BBQ,January 2017
 The Seafood Lady,January 2017
 Dolce & Clementes Italian Gourmet Market,January 2017
 Cal Boter,January 2017
 Conesa Entrepans,January 2017
 Jersey Girl Cafe,December 2016
" Momma's Mustard, Pickles and BBQ",December 2016
 Tails and Trotters,December 2016
 The Original Dinerant,December 2016
 Grind Burger Kitchen,December 2016
 Gralehaus,December 2016
 Ataula,December 2016
 Ps and Qs Market,December 2016
 Vida Cantina,December 2016
 The Table Cafe,December 2016
 Jammin Crepes,December 2016
 Tuckaway Tavern & Butchery,October 2016
 Azla Ethiopian Vegan,September 2016
 Moxy Restaurant,September 2016
 Holy Land,August 2016
 Miso Phat Sushi,August 2016
 Barone's Famous Italian,August 2016
 Delancey,August 2016
 Surly Brewing,August 2016
 The Local Craft Food & Drink,August 2016
 Harold & Belle's,August 2016
 Star Noodle,August 2016
 Gandhi Mahal Fine Indian Cuisine,August 2016
 Radio Africa & Kitchen,August 2016
 Belly & Snout,August 2016
 Like poke Food Truck,August 2016
 Fat Daddy’s Smokehouse Barbecue,August 2016
 Da Kitchen Cafe,August 2016
 The Outrigger Pizza Company,June 2016
 CatHead's BBQ,June 2016
 Gian's Deli,June 2016
 Smitty’s Wings & Things,June 2016
 Commonwealth,June 2016
 Miami Smokers Urban Smokehouse,June 2016
 El Figaro,May 2016
 Nazdarovie,May 2016
 La Paila Fonda,May 2016
 Al Carbon,May 2016
 La Catedral,May 2016
 Casa Abel,May 2016
 The Herbivorous Butcher,May 2016
 Prairie Dogs Hot Dogs & Handcrafted Sausage,May 2016
 La Sandwicherie,May 2016
 Lou's Beer Garden,May 2016
 Hofbrau Beerhall,May 2016
 Taquiza,May 2016
 Bauer's 66 1/2,May 2016
 Souley Vegan,May 2016
 MEAT Eatery and Taproom,May 2016
 Pilot House Marina & Restaurant,May 2016
 Food Fix Food Truck,May 2016
 Clove and Hoof,May 2016
 Midtown Creperie & Cafe,May 2016
 Green Turtle Inn,May 2016
 Cosecha,May 2016
 DiGiorgio’s Cafe Largo,May 2016
 El Nuevo Frutilandia,May 2016
 Green Papaya Food Truck,May 2016
 Islamorada Shrimp Shack,March 2016
 The Smoking Swine Food Truck,March 2016
 The Fish House,March 2016
 Vagabond Kitchen & Tap House,January 2016
 The Skirted Heifer,January 2016
 Bub and Pop's,January 2016
 Miss Shirley's Cafe,January 2016
 Sam's Bar & Grill,January 2016
 Front Range Barbeque,January 2016
 Spice Island Grill,January 2016
 Carving Room Kitchen & Bar,January 2016
 Alewife Baltimore,January 2016
 Mountain Shadows Restaurant,January 2016
 Piccini Wood Fired Brick Oven Pizza,January 2016
 Toki Underground,January 2016
 Center Point Barbecue,January 2016
 Mas Tacos Por Favor,January 2016
 Bless My Soul Cafe,December 2015
 The Blue-Eyed Crab Caribbean Grill & Rum Bar,November 2015
 Rasta Pasta,November 2015
 Paravicini's Italian Bistro,November 2015
 Northbound Smokehouse and Brewpub,November 2015
 Unideli,November 2015
 Pig Latin Food Truck,November 2015
 Red Planet Diner NEW OWNERS E.T. Diner,November 2015
 Joy Cafe,November 2015
 Axios Estiatorio,November 2015
 Andale Taqueria Y Mercado,November 2015
 Bird of Smithfield,November 2015
 Hook Restaurant,November 2015
 Grillstock BBQ Smokehosue,November 2015
 Shuckers World Famous Raw Bar,November 2015
 George & The Dragon,November 2015
 Wrecking Bar Brew Pub,November 2015
 Bayport BBQ,September 2015
 Parkside Market,September 2015
 Maria Empenada,September 2015
 Busters on 28th,September 2015
 Driftwood Publick House,September 2015
 The General Muir,September 2015
 Dana's Kitchen,September 2015
 Pickle Jar Kitchen,September 2015
 The Lodge Sasquatch Kitchen,September 2015
 Restaurant 415,August 2015
 Buttermilk Kitchen,August 2015
 Fox Bros. Bar-B-Q,August 2015
 Cafe Brazil,August 2015
 Biju's Little Curry Shop,August 2015
 Folk Art,August 2015
 DAE GEE Korean BBQ,August 2015
 Fat Choy Asian,August 2015
 Osaka Japanese Bistro,August 2015
 Mert's Heart & Soul,August 2015
 Crêpe Expectations,August 2015
 Tub's Fine Chili,August 2015
 Don Antonio Pizza,June 2015
 Intermezzo Pizzeria,June 2015
 ChaCha Chili,June 2015
 Little Jewel of New Orleans,June 2015
 Guy's Vegas Kitchen & Bar,June 2015
 Those Guys Pies,June 2015
 Chichen Itza Restaurant,June 2015
 300 East,June 2015
 Biergarten Los Angeles,June 2015
 Krazy Fish,June 2015
 The Tin Kitchen Food Truck,May 2015
 Pit Road Bar & Grill,May 2015
 Pinkys Westside Grill,May 2015
 Asian Experience,April 2015
 Pyrenees Cafe,April 2015
 Athena's Greek Cafe & Bakery,April 2015
 La Santisima Gourmet Taco Shop,April 2015
 Moo Creamery,April 2015
 Carluccio's Coal Fired Pizza,March 2015
 Muertos,March 2015
 The Wild Thaiger Restaurant,March 2015
 Mama Roomba,March 2015
 KC Steakhouse,March 2015
 Grilled Cheese & Crab Cake Company,March 2015
 Salty's BBQ & Catering,March 2015
 Sal’s Gilbert Pizza,March 2015
 The Anchorage Tavern,March 2015
 Tom's Thumb Fresh Market,February 2015
 Paradise Valley Burger Company,February 2015
 Andreoli Italian Grocer,February 2015
 Kelsey & Kim's Southern Cafe,February 2015
 Flying Mango,February 2015
 Tacopocalypse,February 2015
 24th Street Cafe,January 2015
 George The Chili King Drive-In,December 2014
 Oyster Creek Inn Restaurant,December 2014
 Ernest & Son Meat Market,December 2014
 Mi Patria,December 2014
 Fishermans Market Eugene,December 2014
 Smokey D’s BBQ,December 2014
 Papa's Soul Food Kitchen & BBQ,December 2014
 Swallow at the Hollow,December 2014
 Patton's Restaurant & Catering,December 2014
 Johnny Rads,November 2014
 Jimmy's Famous Seafood,November 2014
 Clementine,November 2014
 Pho Lang Thang,November 2014
 Soup Nation,November 2014
 Slainte Irish Pub and Restaurant,November 2014
 The Sandwich League,November 2014
 Grano Pasta Bar,November 2014
 The Brick House Cafe,November 2014
 Cornbread Cafe,November 2014
 Gannucci's Italian Market,November 2014
 Delta Diner,November 2014
 Senate Pub & Restaurant,November 2014
 Junkyard Extreme Burgers & Brats,November 2014
 Lotus Cafe,November 2014
 Kounty Quarthouse,November 2014
 Pak's Green Corner,November 2014
 Island Fryday's,November 2014
 Casa Razdora,November 2014
 Trina's Starlite Lounge,September 2014
 Shorty’s Pizza and Smoked Meat,September 2014
 From Scratch Restaurant,September 2014
 Melt,September 2014
 Saus,September 2014
 Cafe Genevieve,September 2014
 Cafe Polonia,September 2014
 Deep Ellum Bar,September 2014
 Lone Star Taco Bar,September 2014
 The Wild Plum,August 2014
 Tavern on 2,August 2014
 Nora's Fish Creek Inn,August 2014
 The Factory Gastrobar,August 2014
 Pica's Mexican Taqueria,August 2014
 Little Napoli,August 2014
 Cannery Row Brewing Company,August 2014
 Starling Diner,August 2014
 Pinky G's PIzzeria,August 2014
 Blunch,July 2014
 Sidewinders American Grill,July 2014
 Rosine's Restaurant,July 2014
 Monterey's Fish House,July 2014
 Sabroso! Mexican Grill,July 2014
 Rutts Hawaiian Cafe & Catering,July 2014
 Senate Restaurant,July 2014
 Bakersfield OTR,July 2014
 Taste of Belgium,July 2014
 Mike’s Huli Huli,June 2014
 Tamarindo Food Truck,June 2014
 Uahi Island Grill,June 2014
 Dean's Drive Inn,June 2014
 Boots & Kimo's Homestyle Kitchen,June 2014
 Oh Mai Sandwich,June 2014
 Aristo's Greek Restaurant & Cafe,June 2014
 Elena’s Home of Finest Filipino Foods,June 2014
 Fat Sal's,June 2014
 Loulou's Griddle in the Middle,June 2014
 The Alley Restaurant at Aiea Bowl,June 2014
 Tin Roof Grill,April 2014
 Whisk Gourmet Food,March 2014
 Ducks Eatery,March 2014
 Cafe Nooner,March 2014
 Maxwell's,February 2014
 Silver Star Cafe,February 2014
 Sammy's Bistro,February 2014
 Queens Comfort,February 2014
 Pauls Live From New York,February 2014
 Bunker Vietnamese,February 2014
 Black Tree,February 2014
 Brindle Room,February 2014
 Brick and Fire Bistro,February 2014
 Bad Boy Burrito,February 2014
 Garbo's Grill,February 2014
 Dj's Clam Shack,February 2014
 Sakaya Kitchen,February 2014
 Latin House Burger & Taco Bar,February 2014
 The Federal,February 2014
 Blue Collar,February 2014
 Humboldt Sweets,February 2014
 Loleta Cheese Factory,February 2014
 Clendenens Cider Works,February 2014
 Ferndale Meat Co.,February 2014
 Hotel Ivanhoe,February 2014
 The Grilled Cheeserie Food Truck,January 2014
 Blue Koi,January 2014
 Cafe Nonna,January 2014
 Phat Bites,January 2014
 Potpie,January 2014
 55 South,December 2013
 Tiki Bar,December 2013
 Soloman's Landing Restaurant,December 2013
 Asi y Asado,December 2013
 The Tin Shed Garden Cafe,December 2013
 B.B.'s Lawn Side Bar B-Q,December 2013
 Nexus Brewery and Restaurant,December 2013
 The Cube BBQ,December 2013
 Cupinis,December 2013
 Succotash,December 2013
 Back Street Bistro,November 2013
 Danny Edward's Blvd BBQ,November 2013
 Jambo Cafe New Mexico,November 2013
 Slow Roasted Bocadillos,November 2013
 Frank's Noodle House,November 2013
 Torinos at Home,November 2013
 Casa Chimayo,November 2013
 Golden Crown Panaderia,September 2013
 PDX Six Seven One Food Truck,September 2013
 A Taste of Home Cooking,September 2013
 Senor Sisig Food Truck,September 2013
 The Front Porch,September 2013
 Koja Kitchen Food Truck,September 2013
 Millers East Coast Deli,September 2013
 The Country Cat,September 2013
 The Refuge,September 2013
 Industrial Cafe & Saloon,September 2013
 Show Dogs,September 2013
 Crest Cafe,August 2013
 Edelweiss Sausage & Delicatessen,August 2013
 Pica Pica Maize Kitchen,August 2013
 Nopalito on broderick,August 2013
 Spiritos Italian Diner,August 2013
 Shirley's Tippy Canoe,August 2013
 OB Noodle House,August 2013
 Chino Bandido,July 2013
 Brint's Diner NEW OWNERS,July 2013
 Fish Tale Brewpub,July 2013
 Crockett's Public House,July 2013
 Eastside Market Italian Deli,July 2013
 The Parks Finest BBQ,July 2013
 Haggo's Organic Taco,July 2013
 The Duce,July 2013
 Geechee Girl Rice Cafe,July 2013
 Black Pelican Seafood Company,July 2013
 The Jamaican Jerk Hut,June 2013
 DeFalco's Italian Deli,June 2013
 Cora Fayes Cafe,June 2013
 Standard Tap,June 2013
 Prohibition,June 2013
 Curry Corner,June 2013
 Bludso's BBQ,June 2013
 Hops and Pie,June 2013
 Percy Street Barbecue,May 2013
 Nopalito on 9th,May 2013
 Barrio Cafe,May 2013
 St. Francis,May 2013
 South Philadelphia Tap Room,May 2013
 Atomic Cowboy,May 2013
 Perk Eatery,May 2013
 Sidecar Bar and Grille,April 2013
 Highland Tavern,April 2013
 Dirty Oscars Annex,April 2013
 Chomp Chomp Nation (Food Truck),March 2013
 Beer Belly,March 2013
 The Golden State Cafe,March 2013
 Crown Bar,March 2013
 Tioli's Crazee Burger,March 2013
 Citrus Breakfast and Lunch,March 2013
 The Stockyards Smokehouse and Larder,February 2013
 The Lakeview Restaurant,February 2013
 The Ace Toronto,February 2013
 The Nook,February 2013
 Pies n Thighs,February 2013
 Bruno's European Restaurant,February 2013
 Taste of Europe Restaurant Russian,February 2013
 Marie's Italian Specialties,January 2013
 Darbys Cafe,January 2013
 Jimmy's Diner,January 2013
 The Smoke Joint,January 2013
 Coastal Cravings,December 2012
 La Isla Restaurant,December 2012
 Chili Johns,December 2012
 Rosedale Diner,November 2012
 Caplansky's Delicatessen,November 2012
 Hey Meatball,November 2012
 Espinos Mexican Bar & Grill,November 2012
 Yankee Lobster Fish Market,November 2012
 Edgewood Cafe,November 2012
 Aunt Carries Seafood Restaurant,October 2012
 Opal Thai Food,October 2012
 Three Angels Diner,October 2012
 Johnny's BBQ,October 2012
 Italian Corner,October 2012
 The Elegant Farmer,October 2012
 Fresh Catch Kaneohe,October 2012
 Guerrilla Street Food Truck,October 2012
 Anthonys Seafood,October 2012
 Big Wave Shrimp,October 2012
 South of Beale,October 2012
 Mediterraneo Caffe,September 2012
 Angelos Civita Farnese Restaurant,September 2012
 Tupelo,September 2012
 Patti's Pierogis,September 2012
 Outer Banks Brewing Station,September 2012
 Brine and Bottle,September 2012
 Guys American Kitchen and Bar,September 2012
 Kitty Hoynes,September 2012
 Pastabilities,September 2012
 Funk N Waffles,September 2012
 Empire Brewing Company,September 2012
 Evas European Sweets,September 2012
 Memphis BBQ Co,August 2012
 Byblos Mediterranean Cafe,August 2012
 90 Miles Cuban Cafe,August 2012
 Rizzos Diner,August 2012
 Davis' Pub,August 2012
 Sweet Home Waimanalo,August 2012
 bopNgrill,August 2012
 REX Italian Foods,August 2012
 Heeia Kea Pier General Store and Deli,August 2012
 Ortegaz Southwestern Grill and Wine Bar,August 2012
 Camilles on Wheels Food Truck,July 2012
 Chicago Brauhaus,July 2012
 Memphis Street Cafe,July 2012
 Tortugas Lie,July 2012
 Weeping Radish Farm,July 2012
 Boston Burger Company,July 2012
 Yayo Taco,July 2012
 Jawaiian Irie Jerk Restaurant,July 2012
 Hopleaf Bar,June 2012
 Foreign and Domestic,June 2012
 Afrah,June 2012
 Bachi Burger,June 2012
 Dressel's Public House,June 2012
 Hwy 61 Roadhouse,June 2012
 The Shaved Duck,June 2012
 Anthonino's Taverna,June 2012
 Forte European Tapas Bar and Bistro,June 2012
 Moondoggies Bar and Naked City Pizza,June 2012
 Noble Pig Austin,May 2012
 John Mull's Meats and Road Kill Grill,May 2012
 Angelas Cafe Restaurant,May 2012
 Italian Express Pizzeria,May 2012
 Cutty Foods,May 2012
 Counter Cafe,April 2012
 Marla's Carribean Cuisine,April 2012
 Lola's Louisiana Kitchen,April 2012
 Pete's Breakfast House Restaurant,April 2012
 Broders Cucina Italiana,April 2012
 Broders' Pasta Bar,April 2012
 Luke's Inside Out,April 2012
 Monument Cafe,April 2012
 Pizzeria Lola,April 2012
 Pepe's and Mito's,March 2012
 Savoy Cafe and Deli,March 2012
 Smack Shack,March 2012
 Defonte's of Brooklyn,March 2012
 Meat and Bread,February 2012
 Nortons Pastrami,February 2012
 Sidecar,February 2012
 Nye's Polonaise,February 2012
 The Kitchen,January 2012
 Mac's Fish and Chips,January 2012
 Cane Rosso,January 2012
 Lito's Take Out,December 2011
 Chop House Burgers,December 2011
 Pecan Lodge,December 2011
 Maple and Motor,December 2011
 Smalley's Caribbean Barbeque,December 2011
 Traffic Jam and Snug,December 2011
 Jethro's Fine Grub,November 2011
 Webberville Brewery and Pub,November 2011
 Danny's All American Diner,November 2011
 Leaping Lizards Cafe,November 2011
 Rigoletto Italian Bakery and Cafe,November 2011
 Supino Pizzeria,November 2011
 R and R Taqueria,November 2011
 Boulevard Diner,November 2011
 Sip and Bite Restaurant,November 2011
 Joe Squared,November 2011
 Galway Bay,November 2011
 Dixie Supply Bakery and Cafe,November 2011
 Perfectly Frank's,November 2011
 Tattooed Moose,November 2011
 Fuel Charleston,November 2011
 The Early Bird Diner,November 2011
 The Glass Onion,November 2011
 Rincon Criollo,October 2011
 Defonte's Sandwich Shop,October 2011
 Gazala's Place,October 2011
 The Redhead Restaurant,October 2011
 Mama's Food Shop,October 2011
 John's of 12th Street,September 2011
 The Broken Record Bar,September 2011
 Get Fresh Cafe,September 2011
 Tomahawk Restaurant,August 2011
 Red Wagon Cafe,August 2011
 Save-on-Meats,August 2011
 Peaceful Restaurant,August 2011
 Polish Village Cafe,August 2011
 Union Wood Shop,August 2011
 Clarkston Union Bar and Kitchen,August 2011
 Falconetti's,August 2011
 Fresh Local Wild Food Truck,August 2011
 Whitner's Barbecue,May 2011
 The Beach Pub,May 2011
 Moseberth's Chicken,May 2011
 Harvey's Hot Dogs,May 2011
 Flip Flops Grill and Chill,May 2011
 Panozzo's Italian Market,March 2011
 Nana Organic,March 2011
 DMK Burger Bar,March 2011
 Chuck's Southern Comforts Cafe,March 2011
 Chilam Balam,March 2011
 Big & Littles,March 2011
 The Old Coffee Pot Restaurant,March 2011
 Tampa Taco Bus,March 2011
 Tampa Bay Brewing Company,March 2011
 Munch's Sundries and Restaurant,March 2011
 Jose's Real Cuban Food,March 2011
 Irazu,March 2011
 Garifuna Flava,March 2011
 California Tacos To Go,March 2011
 The Barking Dog Cafe,March 2011
 Aunt Mary's Cafe,March 2011
 Zydecos,February 2011
 Zest-Exciting Food Creations,February 2011
 The Tamale Place,February 2011
 Steer-In Restaurant,February 2011
 The Magnolia Pancake Haus,February 2011
 Taco Taco Cafe,February 2011
 Moroccan Bites,February 2011
 El Bohio Restaurant,February 2011
 Dough Pizzeria Napoletana,February 2011
 Bun 'n' Barrel,February 2011
 Beto's on Broadway,February 2011
 Katie's Restaurant,February 2011
 Jerseys Cafe,February 2011
 Sage General Store,January 2011
 3 Sisters Cafe,January 2011
 The Golden Bear,December 2010
 QFanatic BBQ and Grill,December 2010
 Elk Public House,December 2010
 Sunflower Caffe Espresso and Wine Bar,December 2010
 Jimtown Store,December 2010
 HRD Coffee Shop,December 2010
 Catelli's Restaurant,December 2010
 Meal Ticket,December 2010
 Maui's Dog House,November 2010
 Tocabe,November 2010
 The Sink,November 2010
 The Bagel Deli,November 2010
 Steuben's,November 2010
 Sam's No 3,November 2010
 Lauer Krauts,November 2010
 Foolish Craig's Cafe,November 2010
 Bang!,November 2010
 Brats Brothers,October 2010
 Germaine’s Luau,October 2010
 Mulberry Italian Ristorante,October 2010
 Sammy's Food Services and Deli,October 2010
 Tortilleria Nixtamal,October 2010
 The Sparrow Tavern,October 2010
 The Pit Stop,October 2010
 Hildebrandts,October 2010
 Bens Best Kosher Deli,October 2010
 Mahonys PO Boy Shop,October 2010
 Louie and the Red Head Lady,October 2010
 L. A. Pines Cafe,September 2010
 Worth Our Weight,September 2010
 Gatsby's Diner,September 2010
 Dad's Kitchen,September 2010
 Merritt Canteen,August 2010
 Waddell's Neighborhood Pub,August 2010
 The Pineville Tavern,August 2010
 Quahog's Seafood Shack,August 2010
 Putah Creek Cafe,August 2010
 Picabu Neighborhood Bistro,August 2010
 Memphis Taproom,August 2010
 Jimmy's Down The Street Cafe,August 2010
 Honey's Sit 'n Eat,August 2010
 Hills' Restaurant and Lounge,August 2010
 Good Dog Bar,August 2010
 George's Place,August 2010
 Chaps Coffee Co,August 2010
 Capone's Pub and Grill,August 2010
 10th Ave Burrito Co,August 2010
 General Store and Post Office Tavern,August 2010
 Corey's Catsup and Mustard,July 2010
 Anchor Bar and Grill,July 2010
 Northern Waters Smokehaus,June 2010
 At Saras Table Chester Creek Cafe,June 2010
 Colossal Cafe,June 2010
 Duluth Grill,June 2010
 Gordy's Hi-Hat,June 2010
 Kramarczuk Sausage Company,June 2010
 The Blue Door Pub,June 2010
 Becky's Diner,June 2010
 Bob's Clam Hut,June 2010
 Maine Diner,June 2010
 Porthole Restaurant,June 2010
 The Lobster Shanty,June 2010
 Rino's Place,June 2010
 Greek Corner,June 2010
 Tune Inn,May 2010
 Tortilla Cafe,May 2010
 Oohhs and Aahhs Soul Food,May 2010
 Metro 29 Diner,May 2010
 La Caraquena,May 2010
 Comet Ping Pong,May 2010
 Murphy's Bar and Grill,May 2010
 Smokin Guns BBQ and Catering,April 2010
 RJ's Bob-Be-Que,April 2010
 Woodyard BBQ,April 2010
 The Brick,April 2010
 Swagger,April 2010
 Jamaica Way,April 2010
 Happy Gillis Cafe and Hang Out,April 2010
 Savarino's Cucina,April 2010
 Martin's BBQ Joint,April 2010
 Cafe Rakka,April 2010
 Bro's Cajun Cuisine,April 2010
 Athens Family Restaurant,April 2010
 Arnold's Country Kitchen,April 2010
 Pier 23 Cafe,March 2010
 Wallace Station,March 2010
 Virgil's Cafe,March 2010
 The Parkette Drive-in,March 2010
 Terry's Turf Club,March 2010
 Rick's White Light Diner,March 2010
 J.J. McBrewster's American Smokehouse,March 2010
 Blue Ash Chili Restaurant,March 2010
 Southern Soul BBQ,March 2010
 Singletons Seafood Shack,March 2010
 Rudy's Can't Fail Cafe,March 2010
 Paul's Coffee Shop,March 2010
 North End Caffe,March 2010
 Naglee Park Garage,March 2010
 Metro Diner,March 2010
 Mama Cozza's Italian Restaurant,March 2010
 JAX Truckee Diner,March 2010
 Gloria's Cafe,March 2010
 Galewood Cookshack,March 2010
 Fox Restaurant,March 2010
 Don Chow Tacos Food Truck,March 2010
 Dish Cafe and Catering,March 2010
 Culhane's Irish Pub,March 2010
 Blackwater Grill,March 2010
 At Last Cafe,March 2010
 Aldo's Harbor Restaurant,March 2010
 13 Gypsies,March 2010
 Boondocks BBQ and Grill,January 2010
 Rick and Ann's Restaurant,January 2010
 900 Grayson,January 2010
 Burger Me,January 2010
 Cafe Citti,January 2010
 Gold 'N Silver Inn,January 2010
 Louis' Basque Corner,January 2010
 Schellville Grill,January 2010
 Napa Rose,January 2010
 Pawley's Front Porch,January 2010
 South 21 Drive-In,January 2010
 Taste of Peru,January 2010
 Landmark Restaurant Diner,January 2010
 Farmer's Shed,January 2010
 Dish,January 2010
 Cabo Fish Taco,January 2010
 Elf's Den Restaurant Lounge,December 2009
 Country Cafe,December 2009
 Tee Off Bar and Grill,December 2009
 The Cookie Jar,December 2009
 Silver Gulch Restaurant,December 2009
 The Little Depot Diner,November 2009
 Santa Cruz Diner,November 2009
 ParkView Nite Club,November 2009
 Honkytonk BBQ,November 2009
 Rainbow Drive-In,November 2009
 Nico's Pier 38,November 2009
 Jakes Good Eats,November 2009
 Hanks Haute Dogs,November 2009
 Poke Stop,October 2009
 Pagoda Restaurant,October 2009
 Hot Licks,October 2009
 Highway Inn,October 2009
 Big Daddy's BBQ and Banquet,October 2009
 Tap Tap Restaurant,September 2009
 Donnie Mac's Trailer Park,September 2009
 Antojitos La Texanita,September 2009
 Sophia Restaurant,September 2009
 Pizza Junction,September 2009
 Louie's Restaurant,September 2009
 Liberty Elm Diner,September 2009
 Lake Effect Diner,September 2009
 Grovers Bar and Grill,September 2009
 Earl's Drive-In,September 2009
 Blackthorn Restaurant and Pub,September 2009
 Four Sisters Owl Diner,September 2009
 The Orchard House,September 2009
 Sam La Grassa's,August 2009
 Morin's Hometown Bar and Grille,August 2009
 Crazy Burger,August 2009
 Bartley's Burger Cottage,August 2009
 Sterle's Slovenian Country House,August 2009
 Momocho Mod Mex,August 2009
 Melt Bar and Grilled,August 2009
 Lucky's Cafe,August 2009
 Geraci's Restaurant,August 2009
 Oinkster,August 2009
 Cempazuchi,August 2009
 Prince Lebanese Grill,August 2009
 Pam's Trinidadian Caribbean Kitchen,August 2009
 Whale's Rib Raw Bar,August 2009
 Polka Catering,August 2009
 Blueplate Lunch Counter and Soda Fountain,August 2009
 Brandy's Restaurant and Bakery,August 2009
 The Depot American Diner,August 2009
 Sonny's Famous Steak Hoagies,August 2009
 Bunk Sandwiches,August 2009
 The Shanty,July 2009
 The Red Lion Pub,July 2009
 The Nickel Diner,July 2009
 The Diner,July 2009
 T-Bone Tom's Steakhouse,July 2009
 Q Restaurant,July 2009
 Pok Pok Restaurant,July 2009
 Podnah's Pit Barbeque,July 2009
 PizzalChik,July 2009
 Niko Niko's,July 2009
 Nic's Grill,July 2009
 Mom's Tamales,July 2009
 Mambo's Cafe,July 2009
 Lankford Grocery and Market,July 2009
 Kenny and Ziggy's Deli,July 2009
 Ingrid's Kitchen,July 2009
 Fab Hot Dogs,July 2009
 Eischen's Bar,July 2009
 Cattlemen's Steakhouse,July 2009
 Cafe Pita,July 2009
 Bob’s Taco Station,July 2009
 Bette’s Oceanview Diner,July 2009
 Comet Cafe,July 2009
 Haus Murphy's,May 2009
 Mama E's Wings and Waffles,April 2009
 Rick's Press Room Grill and Bar NEW OWNERS,April 2009
 Tre Kronor,April 2009
 Dottie's True Blue Cafe,April 2009
 La Camaronera,April 2009
 Donn's Hilltop Kodiak Grill,April 2009
 Rocco's Ristorante,April 2009
 Pine State Biscuits,April 2009
 Blue Marlin,April 2009
 Giuseppe's,April 2009
 Southern Kitchen,April 2009
 Zia Diner,April 2009
 Otto's Sausage,April 2009
 Jamaica Gates Caribbean Cuisine,April 2009
 Flakowitz of Boynton,April 2009
 Bubba's Diner,April 2009
 Arleta Library Bakery and Cafe,April 2009
 Twisted Root Burger Company,April 2009
 La Piazza Al Forno,April 2009
 Bizzarro Italian Cafe,April 2009
 West Side Drive-In,February 2009
 Avila's,February 2009
 Over Easy,February 2009
 Georgia's Greek,February 2009
 Sol Food,February 2009
 Creolina's Dixie Take Out,February 2009
 Blue Water Seafood,February 2009
 Fred's Texas Cafe,February 2009
 Los Taquitos,February 2009
 Havana Hideout,February 2009
 Bar Gernika,February 2009
 Cafe Rolle,February 2009
 Slim's Last Chance,February 2009
 Kuma's Corner,February 2009
 Backroad Pizza,February 2009
 Black Duck Cafe,February 2009
 Jamie's Grill and Bar,February 2009
 Chef Point Cafe,February 2009
 Bert's Burger Bowl,February 2009
 California Taco,February 2009
 Super Duper Weenie,February 2009
 Louie's,February 2009
 Giusti's,February 2009
 Kelly O's,February 2009
 Joey K's,February 2009
 Cecilia's Cafe,February 2009
 Cemita's Puebla,February 2009
 Moochie's Meatballs,February 2009
 Big Mama's,February 2009
 Casamento's,February 2009
 Nadine's,February 2009
 Brick Oven Pizza,February 2009
 Darwell's Cafe,February 2009
 Amato's,February 2009
 Manci's Antique Club,February 2009
 Colonnade,February 2009
 Red Iguana,February 2009
 Crystal Restaurant,February 2009
 Jamaica Kitchen,February 2009
 Bryant Lake Bowl,February 2009
 The Cove,February 2009
 Cabbagetown,February 2009
 Dixie Quick's,February 2009
 Captain Chuck-a-Mucks,February 2009
 Uncle Lou's,February 2009
 G and A Restaurant,February 2009
 Casino El Camino,February 2009
 Starlite Lounge,February 2009
 Guys Gumbo Shack,February 2009
 The Highlander,February 2009
 Broadway Diner,February 2009
 Blue Plate Diner,February 2009
 Rivershack Tavern,February 2009
 Hank's Creekside Restaurant,February 2009
 Gorilla Barbeque,February 2009
 Green Mesquite,February 2009
 Dell Rhea's Chicken Basket,February 2009
 Salsa Brava,February 2009
 Standard Diner,February 2009
 Wilsons BBQ,January 2009
 The Silver Skillet,January 2009
 Tufano's Vernon Park Tap,January 2009
 Hob Nob Hill,January 2009
 Big Jim's,January 2009
 Joe Tess Place,January 2009
 Tommy's Joynt,January 2009
 Parasol's Restaurant & Bar,January 2009
 O'Rourke's Diner,January 2009
 Ruth's Diner,January 2009
 Magnolia Cafe,January 2009
 Sophia's Place,January 2009
 Surrey's Cafe,January 2009
 Dor-Stop Restaurant,January 2009
 Harry's Roadhouse,January 2009
 Alcenia's,January 2009
 Stoney Creek Inn,January 2009
 Lo Bello's,January 2009
 Di Pasquale's,January 2009
 Pizzeria Luigi,January 2009
 Tune-Up Cafe,January 2009
 Blow Fly Inn,January 2009
 Pat's BBQ,January 2009
 Lone Star Taqueria,January 2009
 Glenn's Diner,January 2009
 Brewburger's,January 2009
 Valencia Luncheria,January 2009
 The Original Vito and Nick's Pizzeria,January 2009
 Emily's Lebanese Delicatessen,January 2009
 Burger Bar,January 2009
 Texas Pride BBQ,January 2009
 The Joint,January 2009
 The Shed,January 2009
 Tip Top Cafe,January 2009
 Grinder's,January 2009
 Clanton's Cafe,January 2009
 The Wienery,January 2009
 Byways Cafe,January 2009
 Modern Cafe,January 2009
 Donatelli's,January 2009
 Town Talk Diner NEW MGMT,January 2009
 Victor's 1959 Cafe,January 2009
 YJ's Snack Bar,January 2009
 Willie Bird's Restaurant,January 2009
 White Palace Grill,January 2009
 Voula's Offshore Cafe,January 2009
 Virginia Diner,January 2009
 Village Cafe,January 2009
 Tom's Bar-B-Q,January 2009
 Thee Pitts Again,January 2009
 Ted Peters Famous Smoked Fish,January 2009
 Tecolote Cafe,January 2009
 Taylor's Automatic Refresher RENAMED Gott's Roadside Diner,January 2009
 Sweetie Pie's,January 2009
 Studio Diner,January 2009
 Squeeze Inn,January 2009
 South Side Soda Shop & Diner,January 2009
 Smoque,January 2009
 Smokey Valley Truck Stop,January 2009
 Skylark Diner,January 2009
 Silk City Diner,January 2009
 Scully's Tavern,January 2009
 Schooner or Later,January 2009
 Russian River Pub,January 2009
 Rosie's Diner,January 2009
 The Rock Cafe,January 2009
 Roberto's Mexican Food NOW TORTAS CHANO,January 2009
 The Ritz Diner,January 2009
 Ramona Cafe,January 2009
 Pizza Palace,January 2009
 Penguin Drive-In,January 2009
 Patrick's Roadhouse,January 2009
 Paradise Pup,January 2009
 Panini Pete's,January 2009
 The Original Falafel's Drive-In,January 2009
 Mustache Bill's Diner,January 2009
 Monte Carlo Steakhouse,January 2009
 Mo Gridder's,January 2009
 Mike's City Diner,January 2009
 Mike's Chili Parlor,January 2009
 Matt's Big Breakfast,January 2009
 Matthew's Cafeteria,January 2009
 Marlowe's Ribs,January 2009
 Marietta Diner,January 2009
 Maria's Taco Xpress,January 2009
 39th Street Mama's,January 2009
 Mad Greek's Diner,January 2009
 Mac and Ernie's Roadside Eatery,January 2009
 Louie Mueller Barbecue,January 2009
 Los Tapatios,January 2009
 Little Tea Shop,January 2009
 Leo's BBQ,January 2009
 Leonard's BBQ,January 2009
 Krazy Jim's Blimpy Burger,January 2009
 Kelly's Diner,January 2009
 Keegan's Seafood Grille,January 2009
 Joe's Gizzard City,January 2009
 Joe's Cable Car,January 2009
 Jefferson Diner,January 2009
 Jay Bee's Bar-B-Que,January 2009
 Iron Barley,January 2009
 Hullabaloo Diner,January 2009
 Hightstown Diner,January 2009
 Harold's Restaurant,January 2009
 Hackney's On Harms,January 2009
 Grubstake Diner,January 2009
 Grampa's Bakery,January 2009
 Gaffey Street Diner,January 2009
 The Frosted Mug,January 2009
 Four Kegs Sports Pub,January 2009
 The Fly Trap,January 2009
 Evelyn's Drive-In,January 2009
 Charlie Parker's,January 2009
 Emma Jean's Holland Burger Cafe,December 2008
 11th Street Diner,December 2008
 El Indio,December 2008
 Duarte's Tavern,December 2008
 Doumars,December 2008
 Dot's Back Inn,December 2008
 The Dining Car,December 2008
 Dari-Ette Drive-In,December 2008
 Daddypops Diner,December 2008
 Creole Creamery,December 2008
 Cozy Corner,December 2008
 The Coffee Cup,December 2008
 Charlie's Diner,December 2008
 Central City Cafe,December 2008
 Cafe On The Route RE-OPENED,December 2008
 BoBo Drive-In,December 2008
 Bobby's Hawaiian Style Restaurant,December 2008
 Madison Diner (was Big Star Diner),December 2008
 Benny's Seafood,December 2008
 Beacon Drive-In,December 2008
 BBQ Shack,December 2008
 Eveready Diner,December 2008
 White Manna Hamburgers,December 2008
 Brownstone Diner,December 2008
 Red Arrow Diner,December 2008
 JT Farnham's Seafood and Grill,December 2008
 Triple X Family Restaurant,December 2008
 Chap's Pit Beef,December 2008
 Hillbilly Hot Dogs,December 2008
 Bayway Diner,December 2008
 Barbeque King Drive-In,December 2008
 Baby Blues Bar-B-Q,December 2008
 Aunt Lena's Creamery,December 2008
 Alpine Steakhouse,December 2008
 Franks Diner,December 2008
 Psycho Suzi's,December 2008
 Al's Breakfast,December 2008
 Joe's Farm Grill,December 2008
 Hodad's,November 2008
 Blue Moon Cafe,November 2008
 Tick Tock Diner,November 2008
 A1 Diner,November 2008
